<PAMDataset>
  <PAMRasterBand band="1">
    <Histograms>
      <HistItem>
        <HistMin>582.3369750976563</HistMin>
        <HistMax>623.6521606445313</HistMax>
        <BucketCount>256</BucketCount>
        <IncludeOutOfRange>1</IncludeOutOfRange>
        <Approximate>0</Approximate>
        <HistCounts>3|3|4|2|4|1|4|1|1|0|3|4|0|3|0|3|1|3|1|1|1|0|0|6|0|2|3|3|0|0|1|0|2|1|5|1|0|1|0|1|0|0|1|0|1|3|1|1|2|3|3|1|4|3|2|0|1|4|0|3|2|2|0|0|1|0|1|1|0|2|2|1|1|1|2|2|1|0|0|0|1|1|0|3|1|0|2|2|0|2|3|0|2|0|0|0|2|1|2|2|2|0|1|5|0|2|0|0|1|0|2|1|1|0|0|1|2|1|1|0|1|2|1|0|0|0|2|1|0|1|0|0|1|1|2|1|0|0|1|2|1|0|1|1|0|2|0|0|1|0|0|1|4|1|2|2|0|0|1|1|0|2|0|2|1|0|2|1|0|2|0|0|1|0|1|0|0|2|0|0|0|0|2|0|0|0|0|0|1|0|1|0|0|0|0|1|0|0|0|0|1|0|0|0|0|0|0|0|0|0|0|1|1|0|3|0|0|0|0|0|0|0|0|1|0|0|0|0|0|0|0|0|1|0|0|0|0|0|0|0|0|0|0|0|1|0|0|0|0|0|1|0|0|0|0|1</HistCounts>
      </HistItem>
    </Histograms>
  </PAMRasterBand>
</PAMDataset>
