<PAMDataset>
  <PAMRasterBand band="1">
    <Histograms>
      <HistItem>
        <HistMin>436.3988037109375</HistMin>
        <HistMax>539.7698364257813</HistMax>
        <BucketCount>256</BucketCount>
        <IncludeOutOfRange>1</IncludeOutOfRange>
        <Approximate>0</Approximate>
        <HistCounts>9|5|13|11|8|11|5|6|7|4|6|6|9|7|11|7|8|9|8|8|3|6|9|8|5|9|9|9|8|7|1|8|10|6|4|4|10|6|6|9|4|13|8|8|7|10|4|5|9|11|8|6|6|6|9|3|14|5|4|6|9|1|11|10|4|8|5|9|11|9|6|9|8|9|13|5|12|10|9|9|11|8|3|11|10|4|3|8|8|8|7|9|13|5|9|14|9|6|9|7|10|5|5|4|2|6|11|11|7|7|3|6|3|6|7|12|6|7|6|3|6|10|9|4|5|14|7|8|7|4|1|1|7|8|8|5|7|1|0|4|3|4|1|5|4|0|1|2|0|2|4|1|1|1|0|3|1|0|1|2|3|2|2|1|2|2|0|2|0|1|3|1|1|2|1|1|2|2|1|4|3|0|0|2|0|2|0|2|1|2|1|0|1|1|1|1|0|3|0|0|2|1|1|1|0|1|2|0|0|0|2|1|0|1|0|1|2|3|0|0|0|1|2|1|0|0|1|0|0|1|0|0|2|0|2|1|0|0|2|0|0|0|0|0|2|0|0|0|1|0|0|0|0|0|0|1</HistCounts>
      </HistItem>
    </Histograms>
  </PAMRasterBand>
</PAMDataset>
